1;Vasile;Pop;vasile.pop@yahoo.com
2;Patitul;Stan;stan.patitu@yahoo.com
3;Andreea;Popescu;andreea.popescu@yahoo.com
4;George;Marcu;george.parcu@yahoo.com
5;Gica;Toderas;gica.toderas@gmail.com
6;Maria;Cojocar;maria_cojocar@gmail.com
7;Gigi;Fdssa;gigi.fdssa@gmail.com
